INSERT INTO
    user_profile(id, name, email, password, blocked, is_admin)
VALUES
    (
        1,
        'Gleda Goodram',
        'ggoodram0@booking.com',
        'vvAKpaezQOO',
        true,
        true
    ),
    (
        2,
        'Gareth Edinburough',
        'gedinburough1@gnu.org',
        'd0U1Xs',
        true,
        true
    ),
    (
        3,
        'Brita Behrend',
        'bbehrend2@google.co.jp',
        'AT2Kwhvo4WNb',
        true,
        false
    ),
    (
        4,
        'Dev Camin',
        'dcamin3@gmpg.org',
        'vfW1BNW12T',
        true,
        false
    ),
    (
        5,
        'Syd McCerery',
        'smccerery4@nymag.com',
        'reEn1CiKgadp',
        true,
        true
    ),
    (
        6,
        'Edee Spillane',
        'espillane5@google.de',
        'Xg6elqWh2usd',
        true,
        true
    ),
    (
        7,
        'Emmi Pestor',
        'epestor6@google.co.uk',
        'sn6pA7E',
        false,
        false
    ),
    (
        8,
        'Hillard Britton',
        'hbritton7@woothemes.com',
        '9o1pW1hlQk13',
        true,
        true
    ),
    (
        9,
        'Katuscha Scarrisbrick',
        'kscarrisbrick8@ox.ac.uk',
        'yo2iNxDv',
        false,
        false
    ),
    (
        10,
        'Romain Kernell',
        'rkernell9@tripadvisor.com',
        'IfEHbvYoa',
        true,
        true
    ),
    (
        11,
        'Elly Cairns',
        'ecairnsa@nhs.uk',
        'pDn5hM1j6oq',
        false,
        true
    ),
    (
        12,
        'Jo ann Matchett',
        'jannb@businessinsider.com',
        'mdqH9Ti4T',
        true,
        true
    ),
    (
        13,
        'Bonita Cosbey',
        'bcosbeyc@census.gov',
        '2O05TUi3Y',
        true,
        false
    ),
    (
        14,
        'Sherm Zelley',
        'szelleyd@t.co',
        'InNwoChwfW8',
        false,
        false
    ),
    (
        15,
        'Harlen Sollam',
        'hsollame@google.com.br',
        'PT5X8HedpJ',
        false,
        false
    ),
    (
        16,
        'Belicia Thurlby',
        'bthurlbyf@adobe.com',
        'npaeAW3Oujw',
        true,
        false
    ),
    (
        17,
        'Jacquelin Reading',
        'jreadingg@youtu.be',
        'iDSqqCU746',
        false,
        true
    ),
    (
        18,
        'Grady Samwayes',
        'gsamwayesh@qq.com',
        'gFFhcZKueg',
        true,
        false
    ),
    (
        19,
        'Jamaal Lunam',
        'jlunami@marriott.com',
        '882qPKiuYor',
        true,
        true
    ),
    (
        20,
        'Kessiah Marcoolyn',
        'kmarcoolynj@ask.com',
        'EuuD1c9wqZz',
        true,
        false
    ),
    (
        21,
        'Farley Cullrford',
        'fcullrfordk@dagondesign.com',
        '4HrTRjC',
        false,
        false
    ),
    (
        22,
        'Charles Elizabeth',
        'charlesliz@gmail.com',
        '183KJas',
        false,
        false
    ),
    (
        23,
        'Alfie Twycross',
        'atwycrossm@bloomberg.com',
        '31XPatMi',
        true,
        false
    ),
    (
        24,
        'Yorke Outlaw',
        'youtlawn@webmd.com',
        'NOCpvLB28',
        true,
        false
    ),
    (
        25,
        'Rozalie Joseland',
        'rjoselando@fda.gov',
        'WspoaxE',
        true,
        true
    ),
    (
        26,
        'Darby Duddle',
        'dduddlep@japanpost.jp',
        '2zbheDu1AtXV',
        true,
        true
    ),
    (
        27,
        'Wake Hincks',
        'whincksq@wordpress.org',
        'gYgDTE',
        true,
        false
    ),
    (
        28,
        'Jarvis Tomczykiewicz',
        'jtomczykiewiczr@sphinn.com',
        'fZX46j',
        false,
        true
    ),
    (
        29,
        'Willyt Baroux',
        'wbarouxs@sohu.com',
        'cRMCKrpZS8dt',
        false,
        true
    ),
    (
        30,
        'Beaufort Lau',
        'blaut@1688.com',
        'Nsb9Mra',
        false,
        true
    ),
    (
        31,
        'Willie Felix',
        'wfelixu@hubpages.com',
        'yLfCNdd9zt',
        true,
        false
    ),
    (
        32,
        'Carol Lerhinan',
        'clerhinanv@mysql.com',
        'mSPA08My',
        false,
        false
    ),
    (
        33,
        'Ulrica Gorler',
        'ugorlerw@biblegateway.com',
        '5YHxpQ',
        true,
        true
    ),
    (
        34,
        'Davina Hammor',
        'dhammorx@walmart.com',
        'uZCTgpIwK',
        true,
        true
    ),
    (
        35,
        'Angie Lantaff',
        'alantaffy@angelfire.com',
        'PZBzSJQ',
        true,
        false
    ),
    (
        36,
        'Malanie Ravenshear',
        'mravenshearz@jigsy.com',
        'cYpyaKf',
        false,
        false
    ),
    (
        37,
        'Pascal Tomovic',
        'ptomovic10@nifty.com',
        'z2cVXG',
        true,
        false
    ),
    (
        38,
        'Zerk Aldrick',
        'zaldrick11@hugedomains.com',
        'UbZSzg',
        false,
        true
    ),
    (
        39,
        'Debra Antoinet',
        'dantoinet12@hibu.com',
        'oBsYYymZ',
        true,
        true
    ),
    (
        40,
        'Olia Durie',
        'odurie13@imdb.com',
        '9sa3lTe4ag',
        true,
        true
    );

INSERT INTO
    project(
        id,
        name,
        creation_date,
        last_modification_date,
        archived,
        coordinator
    )
VALUES
    (
        1,
        'Wyman Inc',
        '2021-08-26',
        '2022-01-26',
        true,
        11
    ),
    (
        2,
        'Borer LLC',
        '2021-09-09',
        '2021-11-14',
        true,
        7
    ),
    (
        3,
        'Abshire and Sons',
        '2022-02-04',
        '2022-05-19',
        true,
        4
    ),
    (
        4,
        'Ullrich-Konopelski',
        '2021-08-03',
        '2022-10-28',
        true,
        10
    ),
    (
        5,
        'Armstrong Inc',
        '2022-06-08',
        '2022-10-29',
        false,
        1
    ),
    (
        6,
        'Oberbrunner, Lockman and Schultz',
        '2021-09-24',
        '2022-10-20',
        false,
        11
    ),
    (
        7,
        'Zemlak, Lockman and McGlynn',
        '2022-03-28',
        '2022-05-29',
        true,
        2
    ),
    (
        8,
        'Crist and Sons',
        '2021-12-15',
        '2022-01-02',
        true,
        4
    ),
    (
        9,
        'Shields, Wisozk and Bayer',
        '2021-06-09',
        '2021-11-21',
        true,
        6
    ),
    (
        10,
        'Kozey Inc',
        '2021-08-12',
        '2022-10-29',
        false,
        1
    ),
    (
        11,
        'Block-Hettinger',
        '2021-11-10',
        '2022-10-04',
        false,
        3
    ),
    (
        12,
        'Homenick-Powlowski',
        '2022-02-19',
        '2022-08-31',
        true,
        11
    );

INSERT INTO
    task_group(
        id,
        name,
        description,
        creation_date,
        position,
        project
    )
VALUES
    (
        1,
        'To be done',
        'Task that needs to be done',
        '2022-02-04',
        1,
        3
    ),
    (
        2,
        'Doing',
        'Task in progress',
        '2022-02-04',
        2,
        3
    ),
    (
        3,
        'Done',
        'Task already completed',
        '2022-02-04',
        3,
        3
    ),
    (
        4,
        'In revision',
        'Task than needs to be review',
        '2022-02-04',
        4,
        3
    ),
    (
        5,
        'To be done',
        'Task that needs to be done',
        '2021-06-09',
        1,
        9
    ),
    (
        6,
        'Doing',
        'Task in progress',
        '2021-06-09',
        2,
        9
    ),
    (
        7,
        'Done',
        'Task already completed',
        '2021-06-09',
        3,
        9
    ),
    (
        8,
        'Done',
        'Task already completed',
        '2022-03-28',
        3,
        7
    ),
    (
        9,
        'Done',
        'Task already completed',
        '2022-06-08',
        8,
        5
    ),
    (
        10,
        'Doing',
        'Task in progress',
        '2022-03-28',
        2,
        7
    ),
    (
        11,
        'In revision',
        'Task than needs to be review',
        '2021-06-09',
        4,
        9
    ),
    (
        12,
        'Doing',
        'Task in progress',
        '2022-06-08',
        2,
        5
    ),
    (
        13,
        'Doing',
        'Task in progress',
        '2022-02-23',
        3,
        1
    ),
    (
        14,
        'To be done',
        'Task that needs to be done',
        '2022-09-06',
        1,
        12
    ),
    (
        15,
        'To be done',
        'Task that needs to be done',
        '2022-09-07',
        2,
        12
    ),
    (
        16,
        'To be done',
        'Task that needs to be done',
        '2022-05-18',
        1,
        6
    ),
    (
        17,
        'Doing',
        'Task in progress',
        '2022-10-28',
        1,
        7
    ),
    (
        18,
        'Doing',
        'Task in progress',
        '2022-06-12',
        2,
        6
    ),
    (
        19,
        'Done',
        'Task already completed',
        '2022-04-11',
        1,
        8
    ),
    (
        20,
        'Done',
        'Task already completed',
        '2022-07-11',
        2,
        8
    ),
    (
        21,
        'In revision',
        'Task than needs to be review',
        '2022-07-12',
        3,
        8
    ),
    (
        22,
        'In revision',
        'Task than needs to be review',
        '2022-07-12',
        4,
        8
    ),
    (
        23,
        'In revision',
        'Task than needs to be review',
        '2021-07-11',
        3,
        10
    ),
    (
        24,
        'Done',
        'Task already completed',
        '2021-07-01',
        1,
        10
    ),
    (
        25,
        'To be done',
        'Task that needs to be done',
        '2021-07-07',
        2,
        10
    ),
    (
        26,
        'To be done',
        'Task that needs to be done',
        '2022-05-25',
        5,
        4
    ),
    (
        27,
        'Doing',
        'Task in progress',
        '2021-09-17',
        4,
        4
    ),
    (
        28,
        'Doing',
        'Task in progress',
        '2022-03-08',
        3,
        4
    ),
    (
        29,
        'Done',
        'Task already completed',
        '2022-08-23',
        2,
        4
    ),
    (
        30,
        'Doing',
        'Task in progress',
        '2022-03-23',
        1,
        4
    );

INSERT INTO
    project_invitation(id, expiration_date, creator, project)
VALUES
    (1, '2021-09-27', 11, 1),
    (2, '2021-09-03', 10, 4),
    (3, '2022-01-15', 4, 8),
    (4, '2022-03-04', 4, 3),
    (5, '2021-07-09', 6, 9),
    (6, '2022-04-28', 2, 7),
    (7, '2022-03-19', 11, 12),
    (8, '2021-09-21', 1, 10),
    (9, '2021-10-09', 7, 2),
    (10, '2022-07-08', 1, 5),
    (11, '2022-08-19', 3, 11),
    (12, '2021-10-24', 11, 6);

INSERT INTO
    project_timeline_action(id, timestamp, description, project)
VALUES
    (
        1,
        '2022-10-27',
        'condimentum. Donec at arcu. Vestibulum ante',
        12
    ),
    (
        2,
        '2022-07-04',
        'urna justo faucibus lectus, a sollicitudin',
        4
    ),
    (
        3,
        '2022-02-05',
        'auctor vitae, aliquet nec, imperdiet nec,',
        5
    ),
    (
        4,
        '2022-06-07',
        'lobortis tellus justo sit amet nulla.',
        7
    ),
    (
        5,
        '2021-11-08',
        'Vivamus nisi. Mauris nulla. Integer urna.',
        11
    ),
    (
        6,
        '2022-10-20',
        'Cras pellentesque. Sed dictum. Proin eget',
        7
    ),
    (
        7,
        '2022-01-16',
        'mollis. Duis sit amet diam eu',
        10
    ),
    (
        8,
        '2021-11-29',
        'turpis. Nulla aliquet. Proin velit. Sed',
        2
    ),
    (
        9,
        '2022-06-19',
        'ante lectus convallis est, vitae sodales',
        6
    ),
    (
        10,
        '2022-05-26',
        'nibh enim, gravida sit amet, dapibus',
        9
    ),
    (
        11,
        '2021-11-01',
        'arcu. Sed et libero. Proin mi.',
        3
    ),
    (
        12,
        '2022-08-24',
        'volutpat nunc sit amet metus. Aliquam',
        11
    ),
    (
        13,
        '2022-01-04',
        'conubia nostra, per inceptos hymenaeos. Mauris',
        9
    ),
    (
        14,
        '2022-02-20',
        'magna. Sed eu eros. Nam consequat',
        5
    ),
    (
        15,
        '2022-07-05',
        'Proin ultrices. Duis volutpat nunc sit',
        2
    );

INSERT INTO
    task(
        id,
        name,
        description,
        creation_date,
        edit_date,
        state,
        creator,
        position,
        task_group
    )
VALUES
    (
        1,
        'Information serch',
        'Nothing done',
        '2021-06-09',
        '2021-06-13',
        'created',
        1,
        1,
        1
    ),
    (
        2,
        'Information analysis',
        'stil things left to do',
        '2022-02-02',
        '2022-05-18',
        'member_assigned',
        4,
        2,
        1
    ),
    (
        3,
        'Information Architecture',
        'Develop the architecture',
        '2021-06-07',
        '2021-07-17',
        'member_assigned',
        10,
        3,
        1
    ),
    (
        4,
        'Potential Clients',
        'Search for potential clients',
        '2022-02-02',
        '2022-05-18',
        'created',
        4,
        3,
        12
    ),
    (
        5,
        'Design review',
        'Design review with stakeholders',
        '2021-06-09',
        '2021-06-13',
        'created',
        8,
        2,
        12
    ),
    (
        6,
        'Implementation',
        'Implement landing page',
        '2022-02-04',
        '2022-02-05',
        'created',
        4,
        4,
        12
    ),
    (
        7,
        'User research',
        'Summarize user reseach insights',
        '2022-02-04',
        '2022-02-10',
        'created',
        2,
        2,
        7
    ),
    (
        8,
        'Finalize use cases',
        'Sign off user quotes',
        '2021-06-09',
        '2021-08-04',
        'completed',
        9,
        1,
        7
    ),
    (
        9,
        'Info search',
        'Need more info',
        '2022-02-04',
        '2022-03-09',
        'member_assigned',
        2,
        1,
        9
    ),
    (
        10,
        'Design new website',
        'Is missing the last item',
        '2022-02-04',
        '2022-02-05',
        'created',
        2,
        3,
        9
    ),
    (
        11,
        'Design',
        'Do the page design',
        '2021-03-02',
        '2021-03-03',
        'completed',
        32,
        1,
        4
    ),
    (
        12,
        'Front',
        'Frontend',
        '2021-05-05',
        '2021-05-06',
        'completed',
        33,
        2,
        4
    ),
    (
        13,
        'Implement',
        'Implementing frontend',
        '2021-05-04',
        '2021-05-09',
        'completed',
        32,
        4,
        4
    ),
    (
        14,
        'Project definition',
        'divide tasks',
        '2021-02-06',
        '2021-02-07',
        'created',
        35,
        3,
        4
    ),
    (
        15,
        'info analysis',
        'more more',
        '2022-05-03',
        '2022-05-04',
        'created',
        31,
        2,
        3
    ),
    (
        16,
        'info search',
        'need more info',
        '2022-04-23',
        '2022-04-24',
        'member_assigned',
        5,
        1,
        3
    ),
    (
        17,
        'potential members',
        'look for potential members',
        '2022-07-23',
        '2022-07-24',
        'created',
        23,
        2,
        23
    ),
    (
        18,
        'information Architecture',
        'architecture development',
        '2022-04-23',
        '2022-04-24',
        'created',
        32,
        1,
        23
    ),
    (
        19,
        'generic research',
        'everything',
        '2021-10-31',
        '2021-11-01',
        'completed',
        12,
        1,
        8
    ),
    (
        20,
        'user research',
        'summarize user research',
        '2021-11-08',
        '2021-11-09',
        'completed',
        31,
        2,
        8
    );

INSERT INTO
    task_comment(
        id,
        content,
        creation_date,
        edit_date,
        author,
        task
    )
VALUES
    (
        1,
        'Need Improvement',
        '2022-04-15',
        '2022-04-16',
        2,
        4
    ),
    (
        2,
        'Things to do',
        '2022-04-17',
        '2022-04-17',
        2,
        4
    ),
    (
        3,
        'So far so Good',
        '2021-06-17',
        '2021-06-18',
        3,
        3
    ),
    (
        4,
        'Need some attention',
        '2021-06-17',
        '2021-06-18',
        3,
        5
    ),
    (
        5,
        'More information needed',
        '2021-06-12',
        '2021-06-17',
        3,
        1
    ),
    (
        6,
        'Some errors',
        '2021-06-12',
        '2021-06-17',
        3,
        1
    ),
    (7, 'Errors', '2022-03-05', '2022-03-06', 4, 6);

INSERT INTO
    tag(
        id,
        title,
        description,
        color,
        project
    )
VALUES
    (
        1,
        'molestie in, tempus',
        'Cras dictum ultricies ligula. Nullam enim.',
        x'f4b8b7'::COLOR,
        3
    ),
    (
        2,
        'tellus eu augue',
        'dui lectus rutrum urna, nec luctus',
        x'8ed863'::COLOR,
        2
    ),
    (
        3,
        'varius et, euismod',
        'risus. Duis a mi fringilla mi',
        x'8fd1e0'::COLOR,
        3
    ),
    (
        4,
        'magna. Duis dignissim',
        'id ante dictum cursus. Nunc mauris',
        x'3282ad'::COLOR,
        5
    ),
    (
        5,
        'iaculis quis, pede.',
        'facilisi. Sed neque. Sed eget lacus.',
        x'75dd77'::COLOR,
        12
    ),
    (
        6,
        'dictum magna. Ut',
        'Fusce aliquet magna a neque. Nullam',
        x'35ea5d'::COLOR,
        2
    ),
    (
        7,
        'augue ac ipsum.',
        'molestie in, tempus eu, ligula. Aenean',
        x'009179'::COLOR,
        2
    ),
    (
        8,
        'parturient montes, nascetur',
        'Morbi accumsan laoreet ipsum. Curabitur consequat,',
        x'14369b'::COLOR,
        10
    ),
    (
        9,
        'eu enim. Etiam',
        'ut, nulla. Cras eu tellus eu',
        x'4dc429'::COLOR,
        4
    ),
    (
        10,
        'lacus pede sagittis',
        'Curae Phasellus ornare. Fusce mollis. Duis',
        x'b5eeff'::COLOR,
        5
    );

INSERT INTO
    thread(
        id,
        title,
        content,
        creation_date,
        edit_date,
        author,
        project
    )
VALUES
    (
        1,
        'diam vel arcu.',
        'amet, consectetuer adipiscing elit. Aliquam auctor,',
        '2022-10-03',
        '2022-10-25',
        2,
        2
    ),
    (
        2,
        'mauris ut mi.',
        'at pede. Cras vulputate velit eu',
        '2021-12-07',
        '2021-12-16',
        2,
        3
    ),
    (
        3,
        'Nunc lectus pede,',
        'dapibus gravida. Aliquam tincidunt, nunc ac',
        '2022-08-25',
        '2022-09-01',
        6,
        3
    ),
    (
        4,
        'habitant morbi tristique',
        'molestie in, tempus eu, ligula. Aenean',
        '2022-10-02',
        '2022-10-19',
        8,
        4
    ),
    (
        5,
        'mi lacinia mattis.',
        'non leo. Vivamus nibh dolor, nonummy',
        '2022-01-13',
        '2022-01-14',
        4,
        9
    ),
    (
        6,
        'fringilla euismod enim.',
        'non, dapibus rutrum, justo. Praesent luctus.',
        '2022-08-09',
        '2022-08-16',
        6,
        8
    ),
    (
        7,
        'massa. Quisque porttitor',
        'risus varius orci, in consequat enim',
        '2022-02-26',
        '2022-03-12',
        7,
        6
    ),
    (
        8,
        'magna. Lorem ipsum',
        'nec ligula consectetuer rhoncus. Nullam velit',
        '2022-04-02',
        '2022-04-30',
        7,
        5
    ),
    (
        9,
        'eget tincidunt dui',
        'orci. Ut sagittis lobortis mauris. Suspendisse',
        '2022-06-09',
        '2022-07-02',
        7,
        6
    ),
    (
        10,
        'ipsum. Donec sollicitudin',
        'non nisi. Aenean eget metus. In',
        '2022-09-06',
        '2022-09-06',
        6,
        1
    );

INSERT INTO
    thread_comment(
        id,
        content,
        creation_date,
        edit_date,
        thread,
        author
    )
VALUES
    (
        1,
        'vitae aliquam eros turpis non enim.',
        '2022-05-02',
        '2022-03-08',
        9,
        9
    ),
    (
        2,
        'quis turpis vitae purus gravida sagittis.',
        '2022-09-12',
        '2021-12-05',
        10,
        4
    ),
    (
        3,
        'aliquet magna a neque. Nullam ut',
        '2022-04-29',
        '2022-03-19',
        9,
        8
    ),
    (
        4,
        'amet nulla. Donec non justo. Proin',
        '2022-02-12',
        '2022-01-10',
        9,
        4
    ),
    (
        5,
        'nisi nibh lacinia orci, consectetuer euismod',
        '2022-01-05',
        '2022-09-13',
        1,
        1
    ),
    (
        6,
        'at fringilla purus mauris a nunc.',
        '2022-06-25',
        '2022-06-30',
        6,
        2
    ),
    (
        7,
        'auctor non, feugiat nec, diam. Duis',
        '2022-09-16',
        '2022-09-29',
        10,
        9
    ),
    (
        8,
        'dolor. Nulla semper tellus id nunc',
        '2022-05-09',
        '2022-08-08',
        2,
        6
    ),
    (
        9,
        'orci lacus vestibulum lorem, sit amet',
        '2022-04-06',
        '2022-04-05',
        6,
        9
    ),
    (
        10,
        'enim, gravida sit amet, dapibus id,',
        '2022-07-13',
        '2022-07-16',
        1,
        4
    );

INSERT INTO
    notification(
        creation_date,
        dismissed,
        notified_user,
        invitation
    )
VALUES
    ('2022-01-22', 'true', 22, 4),
    ('2022-09-01', 'true', 13, 4),
    ('2021-11-16', 'true', 23, 1),
    ('2021-12-04', 'false', 6, 9),
    ('2022-07-24', 'true', 23, 5),
    ('2021-11-15', 'true', 11, 7),
    ('2022-09-22', 'true', 5, 2),
    ('2021-12-08', 'false', 25, 11),
    ('2022-08-06', 'false', 7, 8),
    ('2022-01-21', 'false', 16, 7),
    ('2022-10-08', 'true', 26, 5),
    ('2022-05-21', 'false', 9, 3),
    ('2022-04-10', 'true', 16, 8),
    ('2022-10-13', 'false', 25, 11),
    ('2022-06-05', 'false', 2, 5),
    ('2022-05-26', 'true', 6, 11),
    ('2022-08-17', 'false', 4, 7),
    ('2022-07-27', 'true', 17, 8),
    ('2021-12-03', 'true', 12, 6),
    ('2022-07-27', 'false', 20, 6),
    ('2022-01-27', 'false', 20, 3),
    ('2022-02-10', 'true', 25, 5),
    ('2022-02-17', 'true', 24, 1),
    ('2022-06-13', 'false', 27, 5),
    ('2022-10-07', 'true', 15, 2);

INSERT INTO
    notification(
        creation_date,
        dismissed,
        notified_user,
        thread
    )
VALUES
    ('2022-01-22', 'true', 22, 4),
    ('2022-09-01', 'true', 13, 3),
    ('2021-11-16', 'true', 23, 2),
    ('2021-12-04', 'false', 6, 5),
    ('2022-07-24', 'true', 23, 2),
    ('2021-11-15', 'true', 11, 9),
    ('2022-09-22', 'true', 5, 3),
    ('2021-12-08', 'false', 25, 1),
    ('2022-08-06', 'false', 7, 4),
    ('2022-01-21', 'false', 16, 8),
    ('2022-10-08', 'true', 26, 9),
    ('2022-05-21', 'false', 9, 2),
    ('2022-04-10', 'true', 16, 7),
    ('2022-10-13', 'false', 25, 5),
    ('2022-06-05', 'false', 2, 4),
    ('2022-05-26', 'true', 6, 6),
    ('2022-08-17', 'false', 4, 7),
    ('2022-07-27', 'true', 17, 6),
    ('2021-12-03', 'true', 12, 2),
    ('2022-07-27', 'false', 20, 8),
    ('2022-01-27', 'false', 20, 8),
    ('2022-02-10', 'true', 25, 2),
    ('2022-02-17', 'true', 24, 1),
    ('2022-06-13', 'false', 27, 8),
    ('2022-10-07', 'true', 15, 10);

INSERT INTO
    notification(
        creation_date,
        dismissed,
        notified_user,
        thread_comment
    )
VALUES
    ('2022-01-22', 'true', 22, 1),
    ('2022-09-01', 'true', 13, 7),
    ('2021-11-16', 'true', 23, 3),
    ('2021-12-04', 'false', 6, 8),
    ('2022-07-24', 'true', 23, 9),
    ('2021-11-15', 'true', 11, 8),
    ('2022-09-22', 'true', 5, 9),
    ('2021-12-08', 'false', 25, 2),
    ('2022-08-06', 'false', 7, 4),
    ('2022-01-21', 'false', 16, 8),
    ('2022-10-08', 'true', 26, 7),
    ('2022-05-21', 'false', 9, 7),
    ('2022-04-10', 'true', 16, 5),
    ('2022-10-13', 'false', 25, 3),
    ('2022-06-05', 'false', 2, 4),
    ('2022-05-26', 'true', 6, 8),
    ('2022-08-17', 'false', 4, 6),
    ('2022-07-27', 'true', 17, 9),
    ('2021-12-03', 'true', 12, 5),
    ('2022-07-27', 'false', 20, 4),
    ('2022-01-27', 'false', 20, 7),
    ('2022-02-10', 'true', 25, 4),
    ('2022-02-17', 'true', 24, 9),
    ('2022-06-13', 'false', 27, 5),
    ('2022-10-07', 'true', 15, 7);

INSERT INTO
    notification(
        creation_date,
        dismissed,
        notified_user,
        task
    )
VALUES
    ('2022-01-22', 'true', 22, 19),
    ('2022-09-01', 'true', 13, 16),
    ('2021-11-16', 'true', 23, 18),
    ('2021-12-04', 'false', 6, 6),
    ('2022-07-24', 'true', 23, 17),
    ('2021-11-15', 'true', 11, 8),
    ('2022-09-22', 'true', 5, 7),
    ('2021-12-08', 'false', 25, 11),
    ('2022-08-06', 'false', 7, 15),
    ('2022-01-21', 'false', 16, 7),
    ('2022-10-08', 'true', 26, 9),
    ('2022-05-21', 'false', 9, 19),
    ('2022-04-10', 'true', 16, 4),
    ('2022-10-13', 'false', 25, 18),
    ('2022-06-05', 'false', 2, 17),
    ('2022-05-26', 'true', 6, 12),
    ('2022-08-17', 'false', 4, 13),
    ('2022-07-27', 'true', 17, 17),
    ('2021-12-03', 'true', 12, 3),
    ('2022-07-27', 'false', 20, 11),
    ('2022-01-27', 'false', 20, 10),
    ('2022-02-10', 'true', 25, 5),
    ('2022-02-17', 'true', 24, 19),
    ('2022-06-13', 'false', 27, 8),
    ('2022-10-07', 'true', 15, 10);

INSERT INTO
    notification(
        creation_date,
        dismissed,
        notified_user,
        task_comment
    )
VALUES
    ('2022-01-22', 'true', 22, 2),
    ('2022-09-01', 'true', 13, 3),
    ('2021-11-16', 'true', 23, 3),
    ('2021-12-04', 'false', 6, 1),
    ('2022-07-24', 'true', 23, 3),
    ('2021-11-15', 'true', 11, 5),
    ('2022-09-22', 'true', 5, 4),
    ('2021-12-08', 'false', 25, 2),
    ('2022-08-06', 'false', 7, 5),
    ('2022-01-21', 'false', 16, 4),
    ('2022-10-08', 'true', 26, 4),
    ('2022-05-21', 'false', 9, 2),
    ('2022-04-10', 'true', 16, 2),
    ('2022-10-13', 'false', 25, 6),
    ('2022-06-05', 'false', 2, 7),
    ('2022-05-26', 'true', 6, 3),
    ('2022-08-17', 'false', 4, 2),
    ('2022-07-27', 'true', 17, 4),
    ('2021-12-03', 'true', 12, 6),
    ('2022-07-27', 'false', 20, 2),
    ('2022-01-27', 'false', 20, 1),
    ('2022-02-10', 'true', 25, 4),
    ('2022-02-17', 'true', 24, 2),
    ('2022-06-13', 'false', 27, 2),
    ('2022-10-07', 'true', 15, 5);

INSERT INTO
    notification(
        creation_date,
        dismissed,
        notified_user,
        project
    )
VALUES
    ('2022-01-22', 'true', 22, 8),
    ('2022-09-01', 'true', 13, 6),
    ('2021-11-16', 'true', 23, 8),
    ('2021-12-04', 'false', 6, 8),
    ('2022-07-24', 'true', 23, 4),
    ('2021-11-15', 'true', 11, 2),
    ('2022-09-22', 'true', 5, 2),
    ('2021-12-08', 'false', 25, 2),
    ('2022-08-06', 'false', 7, 4),
    ('2022-01-21', 'false', 16, 11),
    ('2022-10-08', 'true', 26, 5),
    ('2022-05-21', 'false', 9, 5),
    ('2022-04-10', 'true', 16, 6),
    ('2022-10-13', 'false', 25, 8),
    ('2022-06-05', 'false', 2, 10),
    ('2022-05-26', 'true', 6, 11),
    ('2022-08-17', 'false', 4, 4),
    ('2022-07-27', 'true', 17, 6),
    ('2021-12-03', 'true', 12, 1),
    ('2022-07-27', 'false', 20, 11),
    ('2022-01-27', 'false', 20, 11),
    ('2022-02-10', 'true', 25, 3),
    ('2022-02-17', 'true', 24, 3),
    ('2022-06-13', 'false', 27, 8),
    ('2022-10-07', 'true', 15, 2);

INSERT INTO
    report(
        id,
        creation_date,
        reason,
        user_profile,
        creator
    )
VALUES
    (1, '2022-01-01', 'bad conduct', 8, 11),
    (2, '2021-03-03', 'poor work', 9, 7),
    (3, '2022-04-19', 'personal reasons', 7, 4),
    (4, '2022-07-28', 'bad behavior', 7, 5),
    (5, '2022-09-09', 'bad conduct', 7, 2),
    (6, '2021-10-09', 'poor work', 10, 4);

INSERT INTO
    project_member(user_profile, project, is_favorite)
VALUES
    (1, 3, 'true'),
    (2, 9, 'true'),
    (3, 4, 'false'),
    (4, 3, 'false'),
    (5, 7, 'true'),
    (6, 10, 'false'),
    (7, 3, 'false'),
    (8, 1, 'false'),
    (9, 2, 'true'),
    (10, 6, 'true'),
    (11, 3, 'true'),
    (14, 5, 'false');

INSERT INTO
    task_assignee(user_profile, task)
VALUES
    (1, 5),
    (2, 6),
    (3, 2),
    (4, 7),
    (5, 1),
    (6, 3),
    (7, 6),
    (8, 5),
    (9, 1),
    (10, 6),
    (11, 5),
    (12, 6),
    (15, 8),
    (16, 3),
    (13, 5),
    (32, 7),
    (21, 6),
    (22, 7),
    (12, 4),
    (4, 2),
    (34, 6),
    (21, 16),
    (36, 19);
